<?xml version="1.0" encoding="UTF-8"?><!--
        *** GENERATED FROM jax-ws.xml - DO NOT EDIT !                             ***
        *** TO MODIFY wsimport options USE Web Service node -> Edit WS Attributes ***
        *** TO CHANGE TARGETS GENERATED TO jaxws-build.xml COPY THOSE             ***
        *** TARGETS TO ../build.xml AND MODIFY THAT FILE INSTEAD                  ***

        --><project xmlns:j2seproject3="http://www.netbeans.org/ns/j2se-project/3" xmlns:xalan="http://xml.apache.org/xslt" xmlns:jaxws="http://www.netbeans.org/ns/jax-ws/1">
    <!--
                ===================
                JAX-WS WSIMPORT SECTION
                ===================
            -->
    <target name="wsimport-init" depends="init">
        <mkdir dir="${build.generated.sources.dir}/jax-ws"/>
        <taskdef name="wsimport" classname="com.sun.tools.ws.ant.WsImport">
            <classpath path="${libs.jaxws21.classpath}"/>
        </taskdef>
    </target>
    <target name="wsimport-client-BankInterface" depends="wsimport-init">
        <mkdir dir="${build.generated.dir}/jax-wsCache/BankInterface"/>
        <property name="wsdl-BankInterface" location="xml-resources/web-service-references/BankInterface/wsdl/192.168.49.81_8080/BankInterface.wsdl"/>
        <wsimport sourcedestdir="${build.generated.dir}/jax-wsCache/BankInterface" destdir="${build.generated.dir}/jax-wsCache/BankInterface" wsdl="${wsdl-BankInterface}" catalog="catalog.xml" encoding="${source.encoding}" extension="true" verbose="true" fork="false" wsdlLocation="http://192.168.49.81:8080/BankInterface?wsdl" xnocompile="true" xendorsed="true">
            <depends file="${wsdl-BankInterface}"/>
            <produces dir="${build.generated.dir}/jax-wsCache/BankInterface"/>
        </wsimport>
        <copy todir="${build.generated.sources.dir}/jax-ws">
            <fileset dir="${build.generated.dir}/jax-wsCache/BankInterface">
                <include name="**/*.java"/>
            </fileset>
        </copy>
    </target>
    <target name="wsimport-client-clean-BankInterface" depends="-init-project">
        <delete dir="${build.generated.dir}/jax-wsCache/BankInterface"/>
        <delete dir="${build.generated.sources.dir}/jax-ws/it/sapienza/softeng/bankws"/>
    </target>
    <target name="wsimport-client-service" depends="wsimport-init">
        <mkdir dir="${build.generated.dir}/jax-wsCache/service"/>
        <property name="wsdl-service" location="xml-resources/web-service-references/service/wsdl/localhost_8080/service.wsdl"/>
        <wsimport sourcedestdir="${build.generated.dir}/jax-wsCache/service" destdir="${build.generated.dir}/jax-wsCache/service" wsdl="${wsdl-service}" catalog="catalog.xml" encoding="${source.encoding}" extension="true" verbose="true" fork="false" wsdlLocation="http://localhost:8080/service?wsdl" xnocompile="true" xendorsed="true">
            <depends file="${wsdl-service}"/>
            <produces dir="${build.generated.dir}/jax-wsCache/service"/>
        </wsimport>
        <copy todir="${build.generated.sources.dir}/jax-ws">
            <fileset dir="${build.generated.dir}/jax-wsCache/service">
                <include name="**/*.java"/>
            </fileset>
        </copy>
    </target>
    <target name="wsimport-client-clean-service" depends="-init-project">
        <delete dir="${build.generated.dir}/jax-wsCache/service"/>
        <delete dir="${build.generated.sources.dir}/jax-ws/com/mycompany/webservice"/>
    </target>
    <target name="wsimport-client-generate" depends="wsimport-client-BankInterface, wsimport-client-service"/>
</project>
